elements,Energy_of_ionization_first,Electron_affinity(kJ*mol-1),Enthalpy_of_vaporization_LAG(kJ*mol-1),Energy_cohesive(Brewer)(J*mol-1),magnetic_moment(/atom),s_valence,d_valence,d_dos_UP,radii_covalent (pm),temperature_melting(K),CoX_Nor
Cr_pv,652.8,64.3,340,4.1,0.0054,2,4,2.087572011,118,2130,1.672610212
Fe_pv,759.3,15.7,340,4.28,2.416846667,1,7,4.233872255,116,1808,1.807149695
Co,758.4,63.8,377,4.39,1.65518,2,7,4.50615608,116,1768,1.88339
Ni_pv,736.7,156,378,4.44,0.58941,2,8,4.289817768,115,1726,1.930380832
