samples,2a,4f,8i1,8i2,8j
1,Fe_pv,Fe_pv,Fe_pv,Fe_pv,Fe_pv
2,Co,Co,Co,Co,Co
3,Ni_pv,Ni_pv,Ni_pv,Ni_pv,Ni_pv
3,Co,Fe_pv,Fe_pv,Fe_pv,Fe_pv
4,Fe_pv,Co,Fe_pv,Fe_pv,Fe_pv
5,Co,Co,Fe_pv,Fe_pv,Fe_pv
6,Fe_pv,Fe_pv,Co,Fe_pv,Fe_pv
7,Fe_pv,Fe_pv,Fe_pv,Co,Fe_pv
8,Fe_pv,Fe_pv,Fe_pv,Fe_pv,Co
9,Co,Fe_pv,Co,Fe_pv,Fe_pv
10,Co,Fe_pv,Fe_pv,Co,Fe_pv
11,Co,Fe_pv,Fe_pv,Fe_pv,Co
12,Fe_pv,Co,Co,Fe_pv,Fe_pv
13,Fe_pv,Co,Fe_pv,Co,Fe_pv
14,Fe_pv,Co,Fe_pv,Fe_pv,Co
15,Co,Co,Co,Fe_pv,Fe_pv
16,Co,Co,Fe_pv,Co,Fe_pv
17,Co,Co,Fe_pv,Fe_pv,Co
18,Fe_pv,Fe_pv,Co,Co,Fe_pv
19,Fe_pv,Fe_pv,Co,Fe_pv,Co
20,Fe_pv,Fe_pv,Fe_pv,Co,Co
21,Co,Fe_pv,Co,Co,Fe_pv
22,Co,Fe_pv,Co,Fe_pv,Co
23,Co,Fe_pv,Fe_pv,Co,Co
24,Fe_pv,Co,Co,Co,Fe_pv
25,Fe_pv,Co,Co,Fe_pv,Co
26,Fe_pv,Co,Fe_pv,Co,Co
27,Co,Co,Co,Co,Fe_pv
28,Co,Co,Co,Fe_pv,Co
29,Co,Co,Fe_pv,Co,Co
30,Fe_pv,Fe_pv,Co,Co,Co
31,Co,Fe_pv,Co,Co,Co
32,Fe_pv,Co,Co,Co,Co
64,Fe_pv,Ni_pv,Ni_pv,Ni_pv,Ni_pv
65,Ni_pv,Fe_pv,Ni_pv,Ni_pv,Ni_pv
66,Fe_pv,Fe_pv,Ni_pv,Ni_pv,Ni_pv
67,Ni_pv,Ni_pv,Fe_pv,Ni_pv,Ni_pv
68,Ni_pv,Ni_pv,Ni_pv,Fe_pv,Ni_pv
69,Ni_pv,Ni_pv,Ni_pv,Ni_pv,Fe_pv
70,Fe_pv,Ni_pv,Fe_pv,Ni_pv,Ni_pv
71,Fe_pv,Ni_pv,Ni_pv,Fe_pv,Ni_pv
72,Fe_pv,Ni_pv,Ni_pv,Ni_pv,Fe_pv
73,Ni_pv,Fe_pv,Fe_pv,Ni_pv,Ni_pv
74,Ni_pv,Fe_pv,Ni_pv,Fe_pv,Ni_pv
75,Ni_pv,Fe_pv,Ni_pv,Ni_pv,Fe_pv
76,Fe_pv,Fe_pv,Fe_pv,Ni_pv,Ni_pv
77,Fe_pv,Fe_pv,Ni_pv,Fe_pv,Ni_pv
78,Fe_pv,Fe_pv,Ni_pv,Ni_pv,Fe_pv
79,Ni_pv,Ni_pv,Fe_pv,Fe_pv,Ni_pv
80,Ni_pv,Ni_pv,Fe_pv,Ni_pv,Fe_pv
81,Ni_pv,Ni_pv,Ni_pv,Fe_pv,Fe_pv
82,Fe_pv,Ni_pv,Fe_pv,Fe_pv,Ni_pv
83,Fe_pv,Ni_pv,Fe_pv,Ni_pv,Fe_pv
84,Fe_pv,Ni_pv,Ni_pv,Fe_pv,Fe_pv
85,Ni_pv,Fe_pv,Fe_pv,Fe_pv,Ni_pv
86,Ni_pv,Fe_pv,Fe_pv,Ni_pv,Fe_pv
87,Ni_pv,Fe_pv,Ni_pv,Fe_pv,Fe_pv
88,Fe_pv,Fe_pv,Fe_pv,Fe_pv,Ni_pv
89,Fe_pv,Fe_pv,Fe_pv,Ni_pv,Fe_pv
90,Fe_pv,Fe_pv,Ni_pv,Fe_pv,Fe_pv
91,Ni_pv,Ni_pv,Fe_pv,Fe_pv,Fe_pv
92,Fe_pv,Ni_pv,Fe_pv,Fe_pv,Fe_pv
93,Ni_pv,Fe_pv,Fe_pv,Fe_pv,Fe_pv
3,Ni_pv,Co,Co,Co,Co
4,Co,Ni_pv,Co,Co,Co
5,Ni_pv,Ni_pv,Co,Co,Co
6,Co,Co,Ni_pv,Co,Co
7,Co,Co,Co,Ni_pv,Co
8,Co,Co,Co,Co,Ni_pv
9,Ni_pv,Co,Ni_pv,Co,Co
10,Ni_pv,Co,Co,Ni_pv,Co
11,Ni_pv,Co,Co,Co,Ni_pv
12,Co,Ni_pv,Ni_pv,Co,Co
13,Co,Ni_pv,Co,Ni_pv,Co
14,Co,Ni_pv,Co,Co,Ni_pv
15,Ni_pv,Ni_pv,Ni_pv,Co,Co
16,Ni_pv,Ni_pv,Co,Ni_pv,Co
17,Ni_pv,Ni_pv,Co,Co,Ni_pv
18,Co,Co,Ni_pv,Ni_pv,Co
19,Co,Co,Ni_pv,Co,Ni_pv
20,Co,Co,Co,Ni_pv,Ni_pv
21,Ni_pv,Co,Ni_pv,Ni_pv,Co
22,Ni_pv,Co,Ni_pv,Co,Ni_pv
23,Ni_pv,Co,Co,Ni_pv,Ni_pv
24,Co,Ni_pv,Ni_pv,Ni_pv,Co
25,Co,Ni_pv,Ni_pv,Co,Ni_pv
26,Co,Ni_pv,Co,Ni_pv,Ni_pv
27,Ni_pv,Ni_pv,Ni_pv,Ni_pv,Co
28,Ni_pv,Ni_pv,Ni_pv,Co,Ni_pv
29,Ni_pv,Ni_pv,Co,Ni_pv,Ni_pv
30,Co,Co,Ni_pv,Ni_pv,Ni_pv
31,Ni_pv,Co,Ni_pv,Ni_pv,Ni_pv
32,Co,Ni_pv,Ni_pv,Ni_pv,Ni_pv
635,Fe_pv,Co,Ni_pv,Co,Co
636,Fe_pv,Ni_pv,Ni_pv,Co,Co
637,Fe_pv,Co,Co,Ni_pv,Co
638,Fe_pv,Ni_pv,Co,Ni_pv,Co
639,Fe_pv,Co,Co,Co,Ni_pv
640,Fe_pv,Ni_pv,Co,Co,Ni_pv
641,Fe_pv,Co,Ni_pv,Ni_pv,Co
642,Fe_pv,Co,Ni_pv,Co,Ni_pv
643,Fe_pv,Ni_pv,Ni_pv,Ni_pv,Co
644,Fe_pv,Ni_pv,Ni_pv,Co,Ni_pv
645,Fe_pv,Co,Co,Ni_pv,Ni_pv
646,Fe_pv,Ni_pv,Co,Ni_pv,Ni_pv
647,Fe_pv,Ni_pv,Co,Co,Co
648,Fe_pv,Co,Ni_pv,Ni_pv,Ni_pv
649,Ni_pv,Fe_pv,Ni_pv,Co,Ni_pv
650,Ni_pv,Fe_pv,Co,Co,Ni_pv
651,Co,Fe_pv,Co,Ni_pv,Co
652,Ni_pv,Fe_pv,Co,Ni_pv,Co
653,Co,Fe_pv,Co,Ni_pv,Ni_pv
654,Ni_pv,Fe_pv,Co,Ni_pv,Ni_pv
655,Co,Fe_pv,Ni_pv,Ni_pv,Co
656,Ni_pv,Fe_pv,Ni_pv,Ni_pv,Co
657,Ni_pv,Fe_pv,Co,Co,Co
658,Co,Fe_pv,Co,Co,Ni_pv
659,Co,Fe_pv,Ni_pv,Ni_pv,Ni_pv
660,Co,Fe_pv,Ni_pv,Co,Ni_pv
661,Co,Fe_pv,Ni_pv,Co,Co
662,Ni_pv,Fe_pv,Ni_pv,Co,Co
663,Fe_pv,Fe_pv,Co,Co,Ni_pv
664,Fe_pv,Fe_pv,Ni_pv,Ni_pv,Co
665,Fe_pv,Fe_pv,Ni_pv,Co,Ni_pv
666,Fe_pv,Fe_pv,Ni_pv,Co,Co
667,Fe_pv,Fe_pv,Co,Ni_pv,Co
668,Fe_pv,Fe_pv,Co,Ni_pv,Ni_pv
669,Co,Co,Fe_pv,Co,Ni_pv
670,Ni_pv,Co,Fe_pv,Co,Ni_pv
671,Co,Co,Fe_pv,Ni_pv,Ni_pv
672,Ni_pv,Co,Fe_pv,Ni_pv,Ni_pv
673,Ni_pv,Co,Fe_pv,Co,Co
674,Co,Ni_pv,Fe_pv,Ni_pv,Ni_pv
675,Co,Ni_pv,Fe_pv,Co,Co
676,Ni_pv,Ni_pv,Fe_pv,Co,Co
677,Co,Ni_pv,Fe_pv,Co,Ni_pv
678,Ni_pv,Ni_pv,Fe_pv,Co,Ni_pv
679,Co,Co,Fe_pv,Ni_pv,Co
680,Ni_pv,Co,Fe_pv,Ni_pv,Co
681,Co,Ni_pv,Fe_pv,Ni_pv,Co
682,Ni_pv,Ni_pv,Fe_pv,Ni_pv,Co
683,Ni_pv,Ni_pv,Ni_pv,Fe_pv,Co
684,Ni_pv,Ni_pv,Co,Fe_pv,Co
685,Co,Co,Co,Fe_pv,Ni_pv
686,Co,Ni_pv,Ni_pv,Fe_pv,Co
687,Ni_pv,Co,Co,Fe_pv,Ni_pv
688,Co,Ni_pv,Co,Fe_pv,Ni_pv
689,Co,Co,Ni_pv,Fe_pv,Ni_pv
690,Ni_pv,Co,Ni_pv,Fe_pv,Ni_pv
691,Co,Ni_pv,Co,Fe_pv,Co
692,Co,Co,Ni_pv,Fe_pv,Co
693,Ni_pv,Co,Ni_pv,Fe_pv,Co
694,Ni_pv,Ni_pv,Co,Fe_pv,Ni_pv
695,Co,Ni_pv,Ni_pv,Fe_pv,Ni_pv
696,Ni_pv,Co,Co,Fe_pv,Co
697,Co,Ni_pv,Ni_pv,Ni_pv,Fe_pv
698,Co,Co,Co,Ni_pv,Fe_pv
699,Co,Co,Ni_pv,Co,Fe_pv
700,Ni_pv,Co,Ni_pv,Co,Fe_pv
701,Ni_pv,Co,Co,Ni_pv,Fe_pv
702,Co,Ni_pv,Ni_pv,Co,Fe_pv
703,Co,Ni_pv,Co,Ni_pv,Fe_pv
704,Ni_pv,Ni_pv,Ni_pv,Co,Fe_pv
705,Ni_pv,Ni_pv,Co,Ni_pv,Fe_pv
706,Ni_pv,Co,Co,Co,Fe_pv
707,Co,Ni_pv,Co,Co,Fe_pv
708,Ni_pv,Ni_pv,Co,Co,Fe_pv
709,Co,Co,Ni_pv,Ni_pv,Fe_pv
710,Ni_pv,Co,Ni_pv,Ni_pv,Fe_pv
711,Fe_pv,Ni_pv,Fe_pv,Co,Ni_pv
712,Fe_pv,Ni_pv,Fe_pv,Ni_pv,Co
713,Fe_pv,Co,Fe_pv,Ni_pv,Co
714,Fe_pv,Co,Fe_pv,Ni_pv,Ni_pv
715,Fe_pv,Co,Fe_pv,Co,Ni_pv
716,Fe_pv,Ni_pv,Fe_pv,Co,Co
717,Fe_pv,Ni_pv,Ni_pv,Fe_pv,Co
718,Fe_pv,Ni_pv,Co,Fe_pv,Co
719,Fe_pv,Co,Ni_pv,Fe_pv,Ni_pv
720,Fe_pv,Ni_pv,Co,Fe_pv,Ni_pv
721,Fe_pv,Co,Co,Fe_pv,Ni_pv
722,Fe_pv,Co,Ni_pv,Fe_pv,Co
723,Fe_pv,Co,Ni_pv,Ni_pv,Fe_pv
724,Fe_pv,Ni_pv,Co,Co,Fe_pv
725,Fe_pv,Ni_pv,Ni_pv,Co,Fe_pv
726,Fe_pv,Ni_pv,Co,Ni_pv,Fe_pv
727,Fe_pv,Co,Co,Ni_pv,Fe_pv
728,Fe_pv,Co,Ni_pv,Co,Fe_pv
729,Ni_pv,Fe_pv,Fe_pv,Co,Co
730,Co,Fe_pv,Fe_pv,Ni_pv,Ni_pv
731,Co,Fe_pv,Fe_pv,Co,Ni_pv
732,Ni_pv,Fe_pv,Fe_pv,Co,Ni_pv
733,Co,Fe_pv,Fe_pv,Ni_pv,Co
734,Ni_pv,Fe_pv,Fe_pv,Ni_pv,Co
735,Co,Fe_pv,Ni_pv,Fe_pv,Co
736,Ni_pv,Fe_pv,Ni_pv,Fe_pv,Co
737,Ni_pv,Fe_pv,Co,Fe_pv,Co
738,Co,Fe_pv,Co,Fe_pv,Ni_pv
739,Ni_pv,Fe_pv,Co,Fe_pv,Ni_pv
740,Co,Fe_pv,Ni_pv,Fe_pv,Ni_pv
741,Co,Fe_pv,Ni_pv,Co,Fe_pv
742,Co,Fe_pv,Co,Ni_pv,Fe_pv
743,Co,Fe_pv,Ni_pv,Ni_pv,Fe_pv
744,Ni_pv,Fe_pv,Co,Co,Fe_pv
745,Ni_pv,Fe_pv,Ni_pv,Co,Fe_pv
746,Ni_pv,Fe_pv,Co,Ni_pv,Fe_pv
747,Fe_pv,Fe_pv,Fe_pv,Co,Ni_pv
748,Fe_pv,Fe_pv,Fe_pv,Ni_pv,Co
749,Fe_pv,Fe_pv,Co,Fe_pv,Ni_pv
750,Fe_pv,Fe_pv,Ni_pv,Fe_pv,Co
751,Fe_pv,Fe_pv,Ni_pv,Co,Fe_pv
752,Fe_pv,Fe_pv,Co,Ni_pv,Fe_pv
753,Ni_pv,Ni_pv,Fe_pv,Fe_pv,Co
754,Ni_pv,Co,Fe_pv,Fe_pv,Co
755,Co,Co,Fe_pv,Fe_pv,Ni_pv
756,Ni_pv,Co,Fe_pv,Fe_pv,Ni_pv
757,Co,Ni_pv,Fe_pv,Fe_pv,Ni_pv
758,Co,Ni_pv,Fe_pv,Fe_pv,Co
759,Ni_pv,Co,Fe_pv,Co,Fe_pv
760,Co,Ni_pv,Fe_pv,Ni_pv,Fe_pv
761,Co,Ni_pv,Fe_pv,Co,Fe_pv
762,Ni_pv,Ni_pv,Fe_pv,Co,Fe_pv
763,Ni_pv,Co,Fe_pv,Ni_pv,Fe_pv
764,Co,Co,Fe_pv,Ni_pv,Fe_pv
765,Ni_pv,Co,Co,Fe_pv,Fe_pv
766,Co,Ni_pv,Co,Fe_pv,Fe_pv
767,Ni_pv,Co,Ni_pv,Fe_pv,Fe_pv
768,Co,Co,Ni_pv,Fe_pv,Fe_pv
769,Ni_pv,Ni_pv,Co,Fe_pv,Fe_pv
770,Co,Ni_pv,Ni_pv,Fe_pv,Fe_pv
771,Fe_pv,Co,Fe_pv,Fe_pv,Ni_pv
772,Fe_pv,Ni_pv,Fe_pv,Fe_pv,Co
773,Fe_pv,Co,Fe_pv,Ni_pv,Fe_pv
774,Fe_pv,Ni_pv,Fe_pv,Co,Fe_pv
775,Fe_pv,Ni_pv,Co,Fe_pv,Fe_pv
776,Fe_pv,Co,Ni_pv,Fe_pv,Fe_pv
777,Ni_pv,Fe_pv,Fe_pv,Fe_pv,Co
778,Co,Fe_pv,Fe_pv,Fe_pv,Ni_pv
779,Ni_pv,Fe_pv,Fe_pv,Co,Fe_pv
780,Co,Fe_pv,Fe_pv,Ni_pv,Fe_pv
781,Ni_pv,Fe_pv,Co,Fe_pv,Fe_pv
782,Co,Fe_pv,Ni_pv,Fe_pv,Fe_pv
783,Co,Ni_pv,Fe_pv,Fe_pv,Fe_pv
784,Ni_pv,Co,Fe_pv,Fe_pv,Fe_pv
