samples,2a,4f,8i1,8i2,8j
1,Cr_pv,Cr_pv,Cr_pv,Cr_pv,Cr_pv
2,Fe_pv,Fe_pv,Fe_pv,Fe_pv,Fe_pv
3,Ni_pv,Ni_pv,Ni_pv,Ni_pv,Ni_pv
3,Fe_pv,Cr_pv,Cr_pv,Cr_pv,Cr_pv
4,Cr_pv,Fe_pv,Cr_pv,Cr_pv,Cr_pv
5,Fe_pv,Fe_pv,Cr_pv,Cr_pv,Cr_pv
6,Cr_pv,Cr_pv,Fe_pv,Cr_pv,Cr_pv
7,Cr_pv,Cr_pv,Cr_pv,Fe_pv,Cr_pv
8,Cr_pv,Cr_pv,Cr_pv,Cr_pv,Fe_pv
9,Fe_pv,Cr_pv,Fe_pv,Cr_pv,Cr_pv
10,Fe_pv,Cr_pv,Cr_pv,Fe_pv,Cr_pv
11,Fe_pv,Cr_pv,Cr_pv,Cr_pv,Fe_pv
12,Cr_pv,Fe_pv,Fe_pv,Cr_pv,Cr_pv
13,Cr_pv,Fe_pv,Cr_pv,Fe_pv,Cr_pv
14,Cr_pv,Fe_pv,Cr_pv,Cr_pv,Fe_pv
15,Fe_pv,Fe_pv,Fe_pv,Cr_pv,Cr_pv
16,Fe_pv,Fe_pv,Cr_pv,Fe_pv,Cr_pv
17,Fe_pv,Fe_pv,Cr_pv,Cr_pv,Fe_pv
18,Cr_pv,Cr_pv,Fe_pv,Fe_pv,Cr_pv
19,Cr_pv,Cr_pv,Fe_pv,Cr_pv,Fe_pv
20,Cr_pv,Cr_pv,Cr_pv,Fe_pv,Fe_pv
21,Fe_pv,Cr_pv,Fe_pv,Fe_pv,Cr_pv
22,Fe_pv,Cr_pv,Fe_pv,Cr_pv,Fe_pv
23,Fe_pv,Cr_pv,Cr_pv,Fe_pv,Fe_pv
24,Cr_pv,Fe_pv,Fe_pv,Fe_pv,Cr_pv
25,Cr_pv,Fe_pv,Fe_pv,Cr_pv,Fe_pv
26,Cr_pv,Fe_pv,Cr_pv,Fe_pv,Fe_pv
27,Fe_pv,Fe_pv,Fe_pv,Fe_pv,Cr_pv
28,Fe_pv,Fe_pv,Fe_pv,Cr_pv,Fe_pv
29,Fe_pv,Fe_pv,Cr_pv,Fe_pv,Fe_pv
30,Cr_pv,Cr_pv,Fe_pv,Fe_pv,Fe_pv
31,Fe_pv,Cr_pv,Fe_pv,Fe_pv,Fe_pv
32,Cr_pv,Fe_pv,Fe_pv,Fe_pv,Fe_pv
34,Ni_pv,Cr_pv,Cr_pv,Cr_pv,Cr_pv
35,Cr_pv,Ni_pv,Cr_pv,Cr_pv,Cr_pv
36,Ni_pv,Ni_pv,Cr_pv,Cr_pv,Cr_pv
37,Cr_pv,Cr_pv,Ni_pv,Cr_pv,Cr_pv
38,Cr_pv,Cr_pv,Cr_pv,Ni_pv,Cr_pv
39,Cr_pv,Cr_pv,Cr_pv,Cr_pv,Ni_pv
40,Ni_pv,Cr_pv,Ni_pv,Cr_pv,Cr_pv
41,Ni_pv,Cr_pv,Cr_pv,Ni_pv,Cr_pv
42,Ni_pv,Cr_pv,Cr_pv,Cr_pv,Ni_pv
43,Cr_pv,Ni_pv,Ni_pv,Cr_pv,Cr_pv
44,Cr_pv,Ni_pv,Cr_pv,Ni_pv,Cr_pv
45,Cr_pv,Ni_pv,Cr_pv,Cr_pv,Ni_pv
46,Ni_pv,Ni_pv,Ni_pv,Cr_pv,Cr_pv
47,Ni_pv,Ni_pv,Cr_pv,Ni_pv,Cr_pv
48,Ni_pv,Ni_pv,Cr_pv,Cr_pv,Ni_pv
49,Cr_pv,Cr_pv,Ni_pv,Ni_pv,Cr_pv
50,Cr_pv,Cr_pv,Ni_pv,Cr_pv,Ni_pv
51,Cr_pv,Cr_pv,Cr_pv,Ni_pv,Ni_pv
52,Ni_pv,Cr_pv,Ni_pv,Ni_pv,Cr_pv
53,Ni_pv,Cr_pv,Ni_pv,Cr_pv,Ni_pv
54,Ni_pv,Cr_pv,Cr_pv,Ni_pv,Ni_pv
55,Cr_pv,Ni_pv,Ni_pv,Ni_pv,Cr_pv
56,Cr_pv,Ni_pv,Ni_pv,Cr_pv,Ni_pv
57,Cr_pv,Ni_pv,Cr_pv,Ni_pv,Ni_pv
58,Ni_pv,Ni_pv,Ni_pv,Ni_pv,Cr_pv
59,Ni_pv,Ni_pv,Ni_pv,Cr_pv,Ni_pv
60,Ni_pv,Ni_pv,Cr_pv,Ni_pv,Ni_pv
61,Cr_pv,Cr_pv,Ni_pv,Ni_pv,Ni_pv
62,Ni_pv,Cr_pv,Ni_pv,Ni_pv,Ni_pv
63,Cr_pv,Ni_pv,Ni_pv,Ni_pv,Ni_pv
64,Fe_pv,Ni_pv,Ni_pv,Ni_pv,Ni_pv
65,Ni_pv,Fe_pv,Ni_pv,Ni_pv,Ni_pv
66,Fe_pv,Fe_pv,Ni_pv,Ni_pv,Ni_pv
67,Ni_pv,Ni_pv,Fe_pv,Ni_pv,Ni_pv
68,Ni_pv,Ni_pv,Ni_pv,Fe_pv,Ni_pv
69,Ni_pv,Ni_pv,Ni_pv,Ni_pv,Fe_pv
70,Fe_pv,Ni_pv,Fe_pv,Ni_pv,Ni_pv
71,Fe_pv,Ni_pv,Ni_pv,Fe_pv,Ni_pv
72,Fe_pv,Ni_pv,Ni_pv,Ni_pv,Fe_pv
73,Ni_pv,Fe_pv,Fe_pv,Ni_pv,Ni_pv
74,Ni_pv,Fe_pv,Ni_pv,Fe_pv,Ni_pv
75,Ni_pv,Fe_pv,Ni_pv,Ni_pv,Fe_pv
76,Fe_pv,Fe_pv,Fe_pv,Ni_pv,Ni_pv
77,Fe_pv,Fe_pv,Ni_pv,Fe_pv,Ni_pv
78,Fe_pv,Fe_pv,Ni_pv,Ni_pv,Fe_pv
79,Ni_pv,Ni_pv,Fe_pv,Fe_pv,Ni_pv
80,Ni_pv,Ni_pv,Fe_pv,Ni_pv,Fe_pv
81,Ni_pv,Ni_pv,Ni_pv,Fe_pv,Fe_pv
82,Fe_pv,Ni_pv,Fe_pv,Fe_pv,Ni_pv
83,Fe_pv,Ni_pv,Fe_pv,Ni_pv,Fe_pv
84,Fe_pv,Ni_pv,Ni_pv,Fe_pv,Fe_pv
85,Ni_pv,Fe_pv,Fe_pv,Fe_pv,Ni_pv
86,Ni_pv,Fe_pv,Fe_pv,Ni_pv,Fe_pv
87,Ni_pv,Fe_pv,Ni_pv,Fe_pv,Fe_pv
88,Fe_pv,Fe_pv,Fe_pv,Fe_pv,Ni_pv
89,Fe_pv,Fe_pv,Fe_pv,Ni_pv,Fe_pv
90,Fe_pv,Fe_pv,Ni_pv,Fe_pv,Fe_pv
91,Ni_pv,Ni_pv,Fe_pv,Fe_pv,Fe_pv
92,Fe_pv,Ni_pv,Fe_pv,Fe_pv,Fe_pv
93,Ni_pv,Fe_pv,Fe_pv,Fe_pv,Fe_pv
94,Fe_pv,Ni_pv,Cr_pv,Cr_pv,Cr_pv
95,Fe_pv,Cr_pv,Cr_pv,Ni_pv,Cr_pv
96,Fe_pv,Ni_pv,Ni_pv,Cr_pv,Cr_pv
97,Fe_pv,Ni_pv,Cr_pv,Ni_pv,Cr_pv
98,Fe_pv,Cr_pv,Cr_pv,Cr_pv,Ni_pv
99,Fe_pv,Ni_pv,Cr_pv,Cr_pv,Ni_pv
100,Fe_pv,Cr_pv,Ni_pv,Cr_pv,Ni_pv
101,Fe_pv,Ni_pv,Ni_pv,Cr_pv,Ni_pv
102,Fe_pv,Cr_pv,Ni_pv,Ni_pv,Cr_pv
103,Fe_pv,Cr_pv,Cr_pv,Ni_pv,Ni_pv
104,Fe_pv,Ni_pv,Ni_pv,Ni_pv,Cr_pv
105,Fe_pv,Ni_pv,Cr_pv,Ni_pv,Ni_pv
106,Fe_pv,Cr_pv,Ni_pv,Ni_pv,Ni_pv
107,Fe_pv,Cr_pv,Ni_pv,Cr_pv,Cr_pv
108,Cr_pv,Fe_pv,Ni_pv,Cr_pv,Ni_pv
109,Ni_pv,Fe_pv,Ni_pv,Cr_pv,Ni_pv
110,Ni_pv,Fe_pv,Ni_pv,Cr_pv,Cr_pv
111,Cr_pv,Fe_pv,Ni_pv,Cr_pv,Cr_pv
112,Cr_pv,Fe_pv,Ni_pv,Ni_pv,Cr_pv
113,Ni_pv,Fe_pv,Ni_pv,Ni_pv,Cr_pv
114,Ni_pv,Fe_pv,Cr_pv,Cr_pv,Cr_pv
115,Cr_pv,Fe_pv,Cr_pv,Cr_pv,Ni_pv
116,Cr_pv,Fe_pv,Cr_pv,Ni_pv,Ni_pv
117,Ni_pv,Fe_pv,Cr_pv,Ni_pv,Ni_pv
118,Ni_pv,Fe_pv,Cr_pv,Cr_pv,Ni_pv
119,Cr_pv,Fe_pv,Cr_pv,Ni_pv,Cr_pv
120,Cr_pv,Fe_pv,Ni_pv,Ni_pv,Ni_pv
121,Ni_pv,Fe_pv,Cr_pv,Ni_pv,Cr_pv
122,Fe_pv,Fe_pv,Cr_pv,Ni_pv,Ni_pv
123,Fe_pv,Fe_pv,Ni_pv,Ni_pv,Cr_pv
124,Fe_pv,Fe_pv,Ni_pv,Cr_pv,Cr_pv
125,Fe_pv,Fe_pv,Cr_pv,Cr_pv,Ni_pv
126,Fe_pv,Fe_pv,Cr_pv,Ni_pv,Cr_pv
127,Fe_pv,Fe_pv,Ni_pv,Cr_pv,Ni_pv
128,Ni_pv,Cr_pv,Fe_pv,Cr_pv,Ni_pv
129,Cr_pv,Ni_pv,Fe_pv,Cr_pv,Ni_pv
130,Ni_pv,Ni_pv,Fe_pv,Cr_pv,Ni_pv
131,Cr_pv,Ni_pv,Fe_pv,Ni_pv,Cr_pv
132,Ni_pv,Ni_pv,Fe_pv,Ni_pv,Cr_pv
133,Cr_pv,Ni_pv,Fe_pv,Cr_pv,Cr_pv
134,Cr_pv,Cr_pv,Fe_pv,Ni_pv,Cr_pv
135,Ni_pv,Ni_pv,Fe_pv,Cr_pv,Cr_pv
136,Ni_pv,Cr_pv,Fe_pv,Cr_pv,Cr_pv
137,Cr_pv,Cr_pv,Fe_pv,Ni_pv,Ni_pv
138,Ni_pv,Cr_pv,Fe_pv,Ni_pv,Ni_pv
139,Cr_pv,Ni_pv,Fe_pv,Ni_pv,Ni_pv
140,Ni_pv,Cr_pv,Fe_pv,Ni_pv,Cr_pv
141,Cr_pv,Cr_pv,Fe_pv,Cr_pv,Ni_pv
142,Cr_pv,Ni_pv,Ni_pv,Fe_pv,Ni_pv
143,Cr_pv,Ni_pv,Ni_pv,Fe_pv,Cr_pv
144,Ni_pv,Cr_pv,Cr_pv,Fe_pv,Cr_pv
145,Ni_pv,Ni_pv,Ni_pv,Fe_pv,Cr_pv
146,Cr_pv,Ni_pv,Cr_pv,Fe_pv,Ni_pv
147,Ni_pv,Ni_pv,Cr_pv,Fe_pv,Ni_pv
148,Cr_pv,Cr_pv,Cr_pv,Fe_pv,Ni_pv
149,Ni_pv,Cr_pv,Cr_pv,Fe_pv,Ni_pv
150,Cr_pv,Cr_pv,Ni_pv,Fe_pv,Cr_pv
151,Cr_pv,Cr_pv,Ni_pv,Fe_pv,Ni_pv
152,Cr_pv,Ni_pv,Cr_pv,Fe_pv,Cr_pv
153,Ni_pv,Cr_pv,Ni_pv,Fe_pv,Ni_pv
154,Ni_pv,Ni_pv,Cr_pv,Fe_pv,Cr_pv
155,Ni_pv,Cr_pv,Ni_pv,Fe_pv,Cr_pv
156,Cr_pv,Cr_pv,Ni_pv,Cr_pv,Fe_pv
157,Ni_pv,Ni_pv,Cr_pv,Ni_pv,Fe_pv
158,Cr_pv,Ni_pv,Ni_pv,Ni_pv,Fe_pv
159,Ni_pv,Cr_pv,Ni_pv,Cr_pv,Fe_pv
160,Cr_pv,Cr_pv,Ni_pv,Ni_pv,Fe_pv
161,Ni_pv,Cr_pv,Cr_pv,Cr_pv,Fe_pv
162,Ni_pv,Cr_pv,Ni_pv,Ni_pv,Fe_pv
163,Cr_pv,Cr_pv,Cr_pv,Ni_pv,Fe_pv
164,Cr_pv,Ni_pv,Ni_pv,Cr_pv,Fe_pv
165,Cr_pv,Ni_pv,Cr_pv,Cr_pv,Fe_pv
166,Ni_pv,Ni_pv,Ni_pv,Cr_pv,Fe_pv
167,Ni_pv,Ni_pv,Cr_pv,Cr_pv,Fe_pv
168,Ni_pv,Cr_pv,Cr_pv,Ni_pv,Fe_pv
169,Cr_pv,Ni_pv,Cr_pv,Ni_pv,Fe_pv
170,Fe_pv,Cr_pv,Fe_pv,Ni_pv,Cr_pv
171,Fe_pv,Cr_pv,Fe_pv,Ni_pv,Ni_pv
172,Fe_pv,Ni_pv,Fe_pv,Cr_pv,Cr_pv
173,Fe_pv,Cr_pv,Fe_pv,Cr_pv,Ni_pv
174,Fe_pv,Ni_pv,Fe_pv,Cr_pv,Ni_pv
175,Fe_pv,Ni_pv,Fe_pv,Ni_pv,Cr_pv
176,Fe_pv,Cr_pv,Ni_pv,Fe_pv,Cr_pv
177,Fe_pv,Cr_pv,Cr_pv,Fe_pv,Ni_pv
178,Fe_pv,Ni_pv,Cr_pv,Fe_pv,Cr_pv
179,Fe_pv,Cr_pv,Ni_pv,Fe_pv,Ni_pv
180,Fe_pv,Ni_pv,Cr_pv,Fe_pv,Ni_pv
181,Fe_pv,Ni_pv,Ni_pv,Fe_pv,Cr_pv
182,Fe_pv,Ni_pv,Cr_pv,Ni_pv,Fe_pv
183,Fe_pv,Cr_pv,Ni_pv,Ni_pv,Fe_pv
184,Fe_pv,Ni_pv,Cr_pv,Cr_pv,Fe_pv
185,Fe_pv,Cr_pv,Cr_pv,Ni_pv,Fe_pv
186,Fe_pv,Cr_pv,Ni_pv,Cr_pv,Fe_pv
187,Fe_pv,Ni_pv,Ni_pv,Cr_pv,Fe_pv
188,Ni_pv,Fe_pv,Fe_pv,Cr_pv,Ni_pv
189,Cr_pv,Fe_pv,Fe_pv,Ni_pv,Ni_pv
190,Cr_pv,Fe_pv,Fe_pv,Ni_pv,Cr_pv
191,Ni_pv,Fe_pv,Fe_pv,Cr_pv,Cr_pv
192,Ni_pv,Fe_pv,Fe_pv,Ni_pv,Cr_pv
193,Cr_pv,Fe_pv,Fe_pv,Cr_pv,Ni_pv
194,Ni_pv,Fe_pv,Cr_pv,Fe_pv,Ni_pv
195,Ni_pv,Fe_pv,Ni_pv,Fe_pv,Cr_pv
196,Cr_pv,Fe_pv,Ni_pv,Fe_pv,Cr_pv
197,Cr_pv,Fe_pv,Ni_pv,Fe_pv,Ni_pv
198,Ni_pv,Fe_pv,Cr_pv,Fe_pv,Cr_pv
199,Cr_pv,Fe_pv,Cr_pv,Fe_pv,Ni_pv
200,Ni_pv,Fe_pv,Cr_pv,Ni_pv,Fe_pv
201,Ni_pv,Fe_pv,Ni_pv,Cr_pv,Fe_pv
202,Cr_pv,Fe_pv,Ni_pv,Ni_pv,Fe_pv
203,Ni_pv,Fe_pv,Cr_pv,Cr_pv,Fe_pv
204,Cr_pv,Fe_pv,Cr_pv,Ni_pv,Fe_pv
205,Cr_pv,Fe_pv,Ni_pv,Cr_pv,Fe_pv
206,Fe_pv,Fe_pv,Fe_pv,Cr_pv,Ni_pv
207,Fe_pv,Fe_pv,Fe_pv,Ni_pv,Cr_pv
208,Fe_pv,Fe_pv,Ni_pv,Fe_pv,Cr_pv
209,Fe_pv,Fe_pv,Cr_pv,Fe_pv,Ni_pv
210,Fe_pv,Fe_pv,Ni_pv,Cr_pv,Fe_pv
211,Fe_pv,Fe_pv,Cr_pv,Ni_pv,Fe_pv
212,Ni_pv,Ni_pv,Fe_pv,Fe_pv,Cr_pv
213,Ni_pv,Cr_pv,Fe_pv,Fe_pv,Cr_pv
214,Cr_pv,Ni_pv,Fe_pv,Fe_pv,Cr_pv
215,Cr_pv,Cr_pv,Fe_pv,Fe_pv,Ni_pv
216,Ni_pv,Cr_pv,Fe_pv,Fe_pv,Ni_pv
217,Cr_pv,Ni_pv,Fe_pv,Fe_pv,Ni_pv
218,Ni_pv,Ni_pv,Fe_pv,Cr_pv,Fe_pv
219,Cr_pv,Ni_pv,Fe_pv,Ni_pv,Fe_pv
220,Ni_pv,Cr_pv,Fe_pv,Ni_pv,Fe_pv
221,Cr_pv,Ni_pv,Fe_pv,Cr_pv,Fe_pv
222,Cr_pv,Cr_pv,Fe_pv,Ni_pv,Fe_pv
223,Ni_pv,Cr_pv,Fe_pv,Cr_pv,Fe_pv
224,Cr_pv,Ni_pv,Cr_pv,Fe_pv,Fe_pv
225,Ni_pv,Cr_pv,Cr_pv,Fe_pv,Fe_pv
226,Ni_pv,Ni_pv,Cr_pv,Fe_pv,Fe_pv
227,Cr_pv,Ni_pv,Ni_pv,Fe_pv,Fe_pv
228,Cr_pv,Cr_pv,Ni_pv,Fe_pv,Fe_pv
229,Ni_pv,Cr_pv,Ni_pv,Fe_pv,Fe_pv
230,Fe_pv,Ni_pv,Fe_pv,Fe_pv,Cr_pv
231,Fe_pv,Cr_pv,Fe_pv,Fe_pv,Ni_pv
232,Fe_pv,Cr_pv,Fe_pv,Ni_pv,Fe_pv
233,Fe_pv,Ni_pv,Fe_pv,Cr_pv,Fe_pv
234,Fe_pv,Ni_pv,Cr_pv,Fe_pv,Fe_pv
235,Fe_pv,Cr_pv,Ni_pv,Fe_pv,Fe_pv
236,Cr_pv,Fe_pv,Fe_pv,Fe_pv,Ni_pv
237,Ni_pv,Fe_pv,Fe_pv,Fe_pv,Cr_pv
238,Cr_pv,Fe_pv,Fe_pv,Ni_pv,Fe_pv
239,Ni_pv,Fe_pv,Fe_pv,Cr_pv,Fe_pv
240,Ni_pv,Fe_pv,Cr_pv,Fe_pv,Fe_pv
241,Cr_pv,Fe_pv,Ni_pv,Fe_pv,Fe_pv
242,Cr_pv,Ni_pv,Fe_pv,Fe_pv,Fe_pv
243,Ni_pv,Cr_pv,Fe_pv,Fe_pv,Fe_pv
