samples,2a,4f,8i1,8i2,8j
1,Cr_pv,Cr_pv,Cr_pv,Cr_pv,Cr_pv
3,Co,Co,Co,Co,Co
4,Ni_pv,Ni_pv,Ni_pv,Ni_pv,Ni_pv
3,Co,Cr_pv,Cr_pv,Cr_pv,Cr_pv
4,Cr_pv,Co,Cr_pv,Cr_pv,Cr_pv
5,Co,Co,Cr_pv,Cr_pv,Cr_pv
6,Cr_pv,Cr_pv,Co,Cr_pv,Cr_pv
7,Cr_pv,Cr_pv,Cr_pv,Co,Cr_pv
8,Cr_pv,Cr_pv,Cr_pv,Cr_pv,Co
9,Co,Cr_pv,Co,Cr_pv,Cr_pv
10,Co,Cr_pv,Cr_pv,Co,Cr_pv
11,Co,Cr_pv,Cr_pv,Cr_pv,Co
12,Cr_pv,Co,Co,Cr_pv,Cr_pv
13,Cr_pv,Co,Cr_pv,Co,Cr_pv
14,Cr_pv,Co,Cr_pv,Cr_pv,Co
15,Co,Co,Co,Cr_pv,Cr_pv
16,Co,Co,Cr_pv,Co,Cr_pv
17,Co,Co,Cr_pv,Cr_pv,Co
18,Cr_pv,Cr_pv,Co,Co,Cr_pv
19,Cr_pv,Cr_pv,Co,Cr_pv,Co
20,Cr_pv,Cr_pv,Cr_pv,Co,Co
21,Co,Cr_pv,Co,Co,Cr_pv
22,Co,Cr_pv,Co,Cr_pv,Co
23,Co,Cr_pv,Cr_pv,Co,Co
24,Cr_pv,Co,Co,Co,Cr_pv
25,Cr_pv,Co,Co,Cr_pv,Co
26,Cr_pv,Co,Cr_pv,Co,Co
27,Co,Co,Co,Co,Cr_pv
28,Co,Co,Co,Cr_pv,Co
29,Co,Co,Cr_pv,Co,Co
30,Cr_pv,Cr_pv,Co,Co,Co
31,Co,Cr_pv,Co,Co,Co
32,Cr_pv,Co,Co,Co,Co
34,Ni_pv,Cr_pv,Cr_pv,Cr_pv,Cr_pv
35,Cr_pv,Ni_pv,Cr_pv,Cr_pv,Cr_pv
36,Ni_pv,Ni_pv,Cr_pv,Cr_pv,Cr_pv
37,Cr_pv,Cr_pv,Ni_pv,Cr_pv,Cr_pv
38,Cr_pv,Cr_pv,Cr_pv,Ni_pv,Cr_pv
39,Cr_pv,Cr_pv,Cr_pv,Cr_pv,Ni_pv
40,Ni_pv,Cr_pv,Ni_pv,Cr_pv,Cr_pv
41,Ni_pv,Cr_pv,Cr_pv,Ni_pv,Cr_pv
42,Ni_pv,Cr_pv,Cr_pv,Cr_pv,Ni_pv
43,Cr_pv,Ni_pv,Ni_pv,Cr_pv,Cr_pv
44,Cr_pv,Ni_pv,Cr_pv,Ni_pv,Cr_pv
45,Cr_pv,Ni_pv,Cr_pv,Cr_pv,Ni_pv
46,Ni_pv,Ni_pv,Ni_pv,Cr_pv,Cr_pv
47,Ni_pv,Ni_pv,Cr_pv,Ni_pv,Cr_pv
48,Ni_pv,Ni_pv,Cr_pv,Cr_pv,Ni_pv
49,Cr_pv,Cr_pv,Ni_pv,Ni_pv,Cr_pv
50,Cr_pv,Cr_pv,Ni_pv,Cr_pv,Ni_pv
51,Cr_pv,Cr_pv,Cr_pv,Ni_pv,Ni_pv
52,Ni_pv,Cr_pv,Ni_pv,Ni_pv,Cr_pv
53,Ni_pv,Cr_pv,Ni_pv,Cr_pv,Ni_pv
54,Ni_pv,Cr_pv,Cr_pv,Ni_pv,Ni_pv
55,Cr_pv,Ni_pv,Ni_pv,Ni_pv,Cr_pv
56,Cr_pv,Ni_pv,Ni_pv,Cr_pv,Ni_pv
57,Cr_pv,Ni_pv,Cr_pv,Ni_pv,Ni_pv
58,Ni_pv,Ni_pv,Ni_pv,Ni_pv,Cr_pv
59,Ni_pv,Ni_pv,Ni_pv,Cr_pv,Ni_pv
60,Ni_pv,Ni_pv,Cr_pv,Ni_pv,Ni_pv
61,Cr_pv,Cr_pv,Ni_pv,Ni_pv,Ni_pv
62,Ni_pv,Cr_pv,Ni_pv,Ni_pv,Ni_pv
63,Cr_pv,Ni_pv,Ni_pv,Ni_pv,Ni_pv
3,Ni_pv,Co,Co,Co,Co
4,Co,Ni_pv,Co,Co,Co
5,Ni_pv,Ni_pv,Co,Co,Co
6,Co,Co,Ni_pv,Co,Co
7,Co,Co,Co,Ni_pv,Co
8,Co,Co,Co,Co,Ni_pv
9,Ni_pv,Co,Ni_pv,Co,Co
10,Ni_pv,Co,Co,Ni_pv,Co
11,Ni_pv,Co,Co,Co,Ni_pv
12,Co,Ni_pv,Ni_pv,Co,Co
13,Co,Ni_pv,Co,Ni_pv,Co
14,Co,Ni_pv,Co,Co,Ni_pv
15,Ni_pv,Ni_pv,Ni_pv,Co,Co
16,Ni_pv,Ni_pv,Co,Ni_pv,Co
17,Ni_pv,Ni_pv,Co,Co,Ni_pv
18,Co,Co,Ni_pv,Ni_pv,Co
19,Co,Co,Ni_pv,Co,Ni_pv
20,Co,Co,Co,Ni_pv,Ni_pv
21,Ni_pv,Co,Ni_pv,Ni_pv,Co
22,Ni_pv,Co,Ni_pv,Co,Ni_pv
23,Ni_pv,Co,Co,Ni_pv,Ni_pv
24,Co,Ni_pv,Ni_pv,Ni_pv,Co
25,Co,Ni_pv,Ni_pv,Co,Ni_pv
26,Co,Ni_pv,Co,Ni_pv,Ni_pv
27,Ni_pv,Ni_pv,Ni_pv,Ni_pv,Co
28,Ni_pv,Ni_pv,Ni_pv,Co,Ni_pv
29,Ni_pv,Ni_pv,Co,Ni_pv,Ni_pv
30,Co,Co,Ni_pv,Ni_pv,Ni_pv
31,Ni_pv,Co,Ni_pv,Ni_pv,Ni_pv
32,Co,Ni_pv,Ni_pv,Ni_pv,Ni_pv
485,Co,Cr_pv,Cr_pv,Cr_pv,Ni_pv
486,Co,Ni_pv,Cr_pv,Cr_pv,Ni_pv
487,Co,Cr_pv,Ni_pv,Ni_pv,Cr_pv
488,Co,Cr_pv,Ni_pv,Cr_pv,Ni_pv
489,Co,Ni_pv,Ni_pv,Ni_pv,Cr_pv
490,Co,Ni_pv,Ni_pv,Cr_pv,Ni_pv
491,Co,Cr_pv,Cr_pv,Ni_pv,Cr_pv
492,Co,Ni_pv,Ni_pv,Cr_pv,Cr_pv
493,Co,Ni_pv,Cr_pv,Cr_pv,Cr_pv
494,Co,Cr_pv,Ni_pv,Cr_pv,Cr_pv
495,Co,Ni_pv,Cr_pv,Ni_pv,Cr_pv
496,Co,Cr_pv,Cr_pv,Ni_pv,Ni_pv
497,Co,Ni_pv,Cr_pv,Ni_pv,Ni_pv
498,Co,Cr_pv,Ni_pv,Ni_pv,Ni_pv
499,Ni_pv,Co,Cr_pv,Cr_pv,Ni_pv
500,Cr_pv,Co,Ni_pv,Ni_pv,Cr_pv
501,Ni_pv,Co,Ni_pv,Ni_pv,Cr_pv
502,Cr_pv,Co,Ni_pv,Cr_pv,Ni_pv
503,Cr_pv,Co,Cr_pv,Ni_pv,Cr_pv
504,Ni_pv,Co,Cr_pv,Ni_pv,Cr_pv
505,Ni_pv,Co,Ni_pv,Cr_pv,Ni_pv
506,Cr_pv,Co,Ni_pv,Cr_pv,Cr_pv
507,Ni_pv,Co,Ni_pv,Cr_pv,Cr_pv
508,Cr_pv,Co,Cr_pv,Ni_pv,Ni_pv
509,Ni_pv,Co,Cr_pv,Ni_pv,Ni_pv
510,Cr_pv,Co,Cr_pv,Cr_pv,Ni_pv
511,Ni_pv,Co,Cr_pv,Cr_pv,Cr_pv
512,Cr_pv,Co,Ni_pv,Ni_pv,Ni_pv
513,Co,Co,Cr_pv,Cr_pv,Ni_pv
514,Co,Co,Cr_pv,Ni_pv,Ni_pv
515,Co,Co,Ni_pv,Ni_pv,Cr_pv
516,Co,Co,Ni_pv,Cr_pv,Ni_pv
517,Co,Co,Ni_pv,Cr_pv,Cr_pv
518,Co,Co,Cr_pv,Ni_pv,Cr_pv
519,Ni_pv,Ni_pv,Co,Cr_pv,Cr_pv
520,Cr_pv,Cr_pv,Co,Cr_pv,Ni_pv
521,Ni_pv,Cr_pv,Co,Cr_pv,Ni_pv
522,Cr_pv,Ni_pv,Co,Cr_pv,Ni_pv
523,Ni_pv,Ni_pv,Co,Cr_pv,Ni_pv
524,Cr_pv,Cr_pv,Co,Ni_pv,Cr_pv
525,Ni_pv,Cr_pv,Co,Cr_pv,Cr_pv
526,Cr_pv,Ni_pv,Co,Cr_pv,Cr_pv
527,Ni_pv,Cr_pv,Co,Ni_pv,Cr_pv
528,Cr_pv,Ni_pv,Co,Ni_pv,Cr_pv
529,Ni_pv,Ni_pv,Co,Ni_pv,Cr_pv
530,Cr_pv,Cr_pv,Co,Ni_pv,Ni_pv
531,Ni_pv,Cr_pv,Co,Ni_pv,Ni_pv
532,Cr_pv,Ni_pv,Co,Ni_pv,Ni_pv
533,Cr_pv,Cr_pv,Ni_pv,Co,Cr_pv
534,Cr_pv,Cr_pv,Ni_pv,Co,Ni_pv
535,Ni_pv,Cr_pv,Ni_pv,Co,Ni_pv
536,Ni_pv,Cr_pv,Ni_pv,Co,Cr_pv
537,Cr_pv,Ni_pv,Ni_pv,Co,Ni_pv
538,Cr_pv,Ni_pv,Cr_pv,Co,Cr_pv
539,Ni_pv,Ni_pv,Cr_pv,Co,Cr_pv
540,Ni_pv,Cr_pv,Cr_pv,Co,Cr_pv
541,Cr_pv,Cr_pv,Cr_pv,Co,Ni_pv
542,Ni_pv,Cr_pv,Cr_pv,Co,Ni_pv
543,Cr_pv,Ni_pv,Cr_pv,Co,Ni_pv
544,Ni_pv,Ni_pv,Cr_pv,Co,Ni_pv
545,Cr_pv,Ni_pv,Ni_pv,Co,Cr_pv
546,Ni_pv,Ni_pv,Ni_pv,Co,Cr_pv
547,Ni_pv,Cr_pv,Cr_pv,Cr_pv,Co
548,Cr_pv,Cr_pv,Ni_pv,Cr_pv,Co
549,Cr_pv,Cr_pv,Cr_pv,Ni_pv,Co
550,Ni_pv,Cr_pv,Cr_pv,Ni_pv,Co
551,Cr_pv,Ni_pv,Cr_pv,Ni_pv,Co
552,Cr_pv,Ni_pv,Cr_pv,Cr_pv,Co
553,Ni_pv,Ni_pv,Ni_pv,Cr_pv,Co
554,Ni_pv,Ni_pv,Cr_pv,Ni_pv,Co
555,Cr_pv,Ni_pv,Ni_pv,Cr_pv,Co
556,Ni_pv,Ni_pv,Cr_pv,Cr_pv,Co
557,Ni_pv,Cr_pv,Ni_pv,Cr_pv,Co
558,Cr_pv,Ni_pv,Ni_pv,Ni_pv,Co
559,Cr_pv,Cr_pv,Ni_pv,Ni_pv,Co
560,Ni_pv,Cr_pv,Ni_pv,Ni_pv,Co
561,Co,Cr_pv,Co,Cr_pv,Ni_pv
562,Co,Ni_pv,Co,Cr_pv,Cr_pv
563,Co,Ni_pv,Co,Ni_pv,Cr_pv
564,Co,Cr_pv,Co,Ni_pv,Ni_pv
565,Co,Ni_pv,Co,Cr_pv,Ni_pv
566,Co,Cr_pv,Co,Ni_pv,Cr_pv
567,Co,Cr_pv,Cr_pv,Co,Ni_pv
568,Co,Ni_pv,Cr_pv,Co,Cr_pv
569,Co,Ni_pv,Ni_pv,Co,Cr_pv
570,Co,Ni_pv,Cr_pv,Co,Ni_pv
571,Co,Cr_pv,Ni_pv,Co,Ni_pv
572,Co,Cr_pv,Ni_pv,Co,Cr_pv
573,Co,Cr_pv,Ni_pv,Cr_pv,Co
574,Co,Ni_pv,Cr_pv,Ni_pv,Co
575,Co,Ni_pv,Cr_pv,Cr_pv,Co
576,Co,Cr_pv,Cr_pv,Ni_pv,Co
577,Co,Cr_pv,Ni_pv,Ni_pv,Co
578,Co,Ni_pv,Ni_pv,Cr_pv,Co
579,Ni_pv,Co,Co,Ni_pv,Cr_pv
580,Cr_pv,Co,Co,Ni_pv,Cr_pv
581,Cr_pv,Co,Co,Ni_pv,Ni_pv
582,Cr_pv,Co,Co,Cr_pv,Ni_pv
583,Ni_pv,Co,Co,Cr_pv,Cr_pv
584,Ni_pv,Co,Co,Cr_pv,Ni_pv
585,Ni_pv,Co,Cr_pv,Co,Cr_pv
586,Cr_pv,Co,Ni_pv,Co,Cr_pv
587,Ni_pv,Co,Ni_pv,Co,Cr_pv
588,Cr_pv,Co,Cr_pv,Co,Ni_pv
589,Cr_pv,Co,Ni_pv,Co,Ni_pv
590,Ni_pv,Co,Cr_pv,Co,Ni_pv
591,Ni_pv,Co,Cr_pv,Cr_pv,Co
592,Cr_pv,Co,Ni_pv,Cr_pv,Co
593,Cr_pv,Co,Cr_pv,Ni_pv,Co
594,Ni_pv,Co,Cr_pv,Ni_pv,Co
595,Cr_pv,Co,Ni_pv,Ni_pv,Co
596,Ni_pv,Co,Ni_pv,Cr_pv,Co
597,Co,Co,Co,Cr_pv,Ni_pv
598,Co,Co,Co,Ni_pv,Cr_pv
599,Co,Co,Cr_pv,Co,Ni_pv
600,Co,Co,Ni_pv,Co,Cr_pv
601,Co,Co,Ni_pv,Cr_pv,Co
602,Co,Co,Cr_pv,Ni_pv,Co
603,Ni_pv,Cr_pv,Co,Co,Ni_pv
604,Ni_pv,Ni_pv,Co,Co,Cr_pv
605,Ni_pv,Cr_pv,Co,Co,Cr_pv
606,Cr_pv,Ni_pv,Co,Co,Ni_pv
607,Cr_pv,Ni_pv,Co,Co,Cr_pv
608,Cr_pv,Cr_pv,Co,Co,Ni_pv
609,Ni_pv,Ni_pv,Co,Cr_pv,Co
610,Ni_pv,Cr_pv,Co,Cr_pv,Co
611,Cr_pv,Ni_pv,Co,Ni_pv,Co
612,Cr_pv,Cr_pv,Co,Ni_pv,Co
613,Ni_pv,Cr_pv,Co,Ni_pv,Co
614,Cr_pv,Ni_pv,Co,Cr_pv,Co
615,Cr_pv,Ni_pv,Cr_pv,Co,Co
616,Cr_pv,Cr_pv,Ni_pv,Co,Co
617,Ni_pv,Cr_pv,Ni_pv,Co,Co
618,Ni_pv,Ni_pv,Cr_pv,Co,Co
619,Cr_pv,Ni_pv,Ni_pv,Co,Co
620,Ni_pv,Cr_pv,Cr_pv,Co,Co
621,Co,Ni_pv,Co,Co,Cr_pv
622,Co,Cr_pv,Co,Co,Ni_pv
623,Co,Cr_pv,Co,Ni_pv,Co
624,Co,Ni_pv,Co,Cr_pv,Co
625,Co,Cr_pv,Ni_pv,Co,Co
626,Co,Ni_pv,Cr_pv,Co,Co
627,Ni_pv,Co,Co,Co,Cr_pv
628,Cr_pv,Co,Co,Co,Ni_pv
629,Ni_pv,Co,Co,Cr_pv,Co
630,Cr_pv,Co,Co,Ni_pv,Co
631,Ni_pv,Co,Cr_pv,Co,Co
632,Cr_pv,Co,Ni_pv,Co,Co
633,Ni_pv,Cr_pv,Co,Co,Co
634,Cr_pv,Ni_pv,Co,Co,Co
