samples,2a,4f,8i1,8i2,8j
1,Cr_pv,Cr_pv,Cr_pv,Cr_pv,Cr_pv
2,Fe_pv,Fe_pv,Fe_pv,Fe_pv,Fe_pv
3,Co,Co,Co,Co,Co
4,Ni_pv,Ni_pv,Ni_pv,Ni_pv,Ni_pv
785,Fe_pv,Cr_pv,Co,Cr_pv,Ni_pv
786,Fe_pv,Co,Co,Cr_pv,Ni_pv
787,Fe_pv,Ni_pv,Co,Cr_pv,Ni_pv
788,Fe_pv,Co,Ni_pv,Cr_pv,Ni_pv
789,Fe_pv,Ni_pv,Co,Co,Cr_pv
790,Fe_pv,Cr_pv,Co,Ni_pv,Cr_pv
791,Fe_pv,Ni_pv,Co,Cr_pv,Cr_pv
792,Fe_pv,Ni_pv,Cr_pv,Co,Co
793,Fe_pv,Ni_pv,Cr_pv,Co,Cr_pv
794,Fe_pv,Co,Co,Ni_pv,Cr_pv
795,Fe_pv,Cr_pv,Ni_pv,Co,Cr_pv
796,Fe_pv,Cr_pv,Cr_pv,Co,Ni_pv
797,Fe_pv,Ni_pv,Co,Ni_pv,Cr_pv
798,Fe_pv,Co,Cr_pv,Co,Ni_pv
799,Fe_pv,Ni_pv,Cr_pv,Cr_pv,Co
800,Fe_pv,Ni_pv,Cr_pv,Co,Ni_pv
801,Fe_pv,Cr_pv,Ni_pv,Co,Co
802,Fe_pv,Cr_pv,Co,Co,Ni_pv
803,Fe_pv,Co,Ni_pv,Co,Cr_pv
804,Fe_pv,Cr_pv,Cr_pv,Ni_pv,Co
805,Fe_pv,Cr_pv,Ni_pv,Co,Ni_pv
806,Fe_pv,Co,Cr_pv,Ni_pv,Co
807,Fe_pv,Ni_pv,Cr_pv,Ni_pv,Co
808,Fe_pv,Ni_pv,Ni_pv,Co,Cr_pv
809,Fe_pv,Co,Ni_pv,Ni_pv,Cr_pv
810,Fe_pv,Ni_pv,Co,Cr_pv,Co
811,Fe_pv,Co,Cr_pv,Ni_pv,Ni_pv
812,Fe_pv,Cr_pv,Co,Ni_pv,Co
813,Fe_pv,Cr_pv,Ni_pv,Cr_pv,Co
814,Fe_pv,Co,Ni_pv,Cr_pv,Co
815,Fe_pv,Ni_pv,Ni_pv,Cr_pv,Co
816,Fe_pv,Cr_pv,Ni_pv,Ni_pv,Co
817,Fe_pv,Cr_pv,Co,Ni_pv,Ni_pv
818,Fe_pv,Co,Cr_pv,Ni_pv,Cr_pv
819,Fe_pv,Co,Ni_pv,Cr_pv,Cr_pv
820,Fe_pv,Co,Cr_pv,Cr_pv,Ni_pv
821,Ni_pv,Fe_pv,Co,Ni_pv,Cr_pv
822,Co,Fe_pv,Ni_pv,Cr_pv,Ni_pv
823,Cr_pv,Fe_pv,Co,Co,Ni_pv
824,Co,Fe_pv,Co,Cr_pv,Ni_pv
825,Ni_pv,Fe_pv,Co,Cr_pv,Cr_pv
826,Cr_pv,Fe_pv,Cr_pv,Ni_pv,Co
827,Co,Fe_pv,Cr_pv,Ni_pv,Co
828,Ni_pv,Fe_pv,Cr_pv,Ni_pv,Co
829,Ni_pv,Fe_pv,Co,Cr_pv,Ni_pv
830,Co,Fe_pv,Ni_pv,Cr_pv,Cr_pv
831,Co,Fe_pv,Ni_pv,Ni_pv,Cr_pv
832,Cr_pv,Fe_pv,Ni_pv,Co,Ni_pv
833,Ni_pv,Fe_pv,Cr_pv,Cr_pv,Co
834,Ni_pv,Fe_pv,Co,Co,Cr_pv
835,Ni_pv,Fe_pv,Cr_pv,Co,Co
836,Ni_pv,Fe_pv,Co,Cr_pv,Co
837,Co,Fe_pv,Cr_pv,Ni_pv,Ni_pv
838,Cr_pv,Fe_pv,Cr_pv,Co,Ni_pv
839,Co,Fe_pv,Cr_pv,Co,Ni_pv
840,Ni_pv,Fe_pv,Cr_pv,Co,Ni_pv
841,Cr_pv,Fe_pv,Ni_pv,Co,Cr_pv
842,Cr_pv,Fe_pv,Co,Ni_pv,Co
843,Cr_pv,Fe_pv,Ni_pv,Cr_pv,Co
844,Co,Fe_pv,Ni_pv,Cr_pv,Co
845,Ni_pv,Fe_pv,Ni_pv,Cr_pv,Co
846,Ni_pv,Fe_pv,Cr_pv,Co,Cr_pv
847,Cr_pv,Fe_pv,Co,Ni_pv,Cr_pv
848,Cr_pv,Fe_pv,Co,Cr_pv,Ni_pv
849,Co,Fe_pv,Co,Ni_pv,Cr_pv
850,Co,Fe_pv,Cr_pv,Ni_pv,Cr_pv
851,Cr_pv,Fe_pv,Ni_pv,Ni_pv,Co
852,Cr_pv,Fe_pv,Co,Ni_pv,Ni_pv
853,Cr_pv,Fe_pv,Ni_pv,Co,Co
854,Co,Fe_pv,Ni_pv,Co,Cr_pv
855,Co,Fe_pv,Cr_pv,Cr_pv,Ni_pv
856,Ni_pv,Fe_pv,Ni_pv,Co,Cr_pv
857,Fe_pv,Fe_pv,Co,Ni_pv,Cr_pv
858,Fe_pv,Fe_pv,Cr_pv,Ni_pv,Co
859,Fe_pv,Fe_pv,Cr_pv,Co,Ni_pv
860,Fe_pv,Fe_pv,Co,Cr_pv,Ni_pv
861,Fe_pv,Fe_pv,Ni_pv,Cr_pv,Co
862,Fe_pv,Fe_pv,Ni_pv,Co,Cr_pv
863,Ni_pv,Co,Fe_pv,Ni_pv,Cr_pv
864,Co,Ni_pv,Fe_pv,Cr_pv,Ni_pv
865,Co,Ni_pv,Fe_pv,Cr_pv,Cr_pv
866,Co,Ni_pv,Fe_pv,Ni_pv,Cr_pv
867,Cr_pv,Cr_pv,Fe_pv,Co,Ni_pv
868,Co,Cr_pv,Fe_pv,Co,Ni_pv
869,Ni_pv,Cr_pv,Fe_pv,Co,Ni_pv
870,Cr_pv,Co,Fe_pv,Co,Ni_pv
871,Ni_pv,Cr_pv,Fe_pv,Cr_pv,Co
872,Cr_pv,Ni_pv,Fe_pv,Co,Ni_pv
873,Ni_pv,Co,Fe_pv,Cr_pv,Co
874,Cr_pv,Ni_pv,Fe_pv,Cr_pv,Co
875,Co,Ni_pv,Fe_pv,Cr_pv,Co
876,Ni_pv,Ni_pv,Fe_pv,Cr_pv,Co
877,Co,Cr_pv,Fe_pv,Cr_pv,Ni_pv
878,Ni_pv,Cr_pv,Fe_pv,Co,Cr_pv
879,Co,Cr_pv,Fe_pv,Ni_pv,Cr_pv
880,Cr_pv,Co,Fe_pv,Cr_pv,Ni_pv
881,Cr_pv,Cr_pv,Fe_pv,Ni_pv,Co
882,Co,Cr_pv,Fe_pv,Ni_pv,Co
883,Ni_pv,Cr_pv,Fe_pv,Ni_pv,Co
884,Cr_pv,Co,Fe_pv,Ni_pv,Co
885,Cr_pv,Ni_pv,Fe_pv,Ni_pv,Co
886,Co,Co,Fe_pv,Cr_pv,Ni_pv
887,Ni_pv,Co,Fe_pv,Cr_pv,Cr_pv
888,Ni_pv,Co,Fe_pv,Cr_pv,Ni_pv
889,Ni_pv,Cr_pv,Fe_pv,Co,Co
890,Co,Cr_pv,Fe_pv,Ni_pv,Ni_pv
891,Cr_pv,Co,Fe_pv,Ni_pv,Cr_pv
892,Cr_pv,Co,Fe_pv,Ni_pv,Ni_pv
893,Ni_pv,Co,Fe_pv,Co,Cr_pv
894,Cr_pv,Ni_pv,Fe_pv,Co,Co
895,Cr_pv,Ni_pv,Fe_pv,Co,Cr_pv
896,Co,Co,Fe_pv,Ni_pv,Cr_pv
897,Co,Ni_pv,Fe_pv,Co,Cr_pv
898,Ni_pv,Ni_pv,Fe_pv,Co,Cr_pv
899,Co,Co,Cr_pv,Fe_pv,Ni_pv
900,Ni_pv,Co,Cr_pv,Fe_pv,Ni_pv
901,Cr_pv,Cr_pv,Co,Fe_pv,Ni_pv
902,Co,Co,Ni_pv,Fe_pv,Cr_pv
903,Co,Ni_pv,Cr_pv,Fe_pv,Cr_pv
904,Ni_pv,Co,Ni_pv,Fe_pv,Cr_pv
905,Co,Cr_pv,Co,Fe_pv,Ni_pv
906,Ni_pv,Cr_pv,Co,Fe_pv,Cr_pv
907,Ni_pv,Cr_pv,Co,Fe_pv,Ni_pv
908,Co,Cr_pv,Ni_pv,Fe_pv,Co
909,Ni_pv,Cr_pv,Ni_pv,Fe_pv,Co
910,Co,Ni_pv,Cr_pv,Fe_pv,Ni_pv
911,Co,Cr_pv,Cr_pv,Fe_pv,Ni_pv
912,Cr_pv,Co,Co,Fe_pv,Ni_pv
913,Co,Ni_pv,Ni_pv,Fe_pv,Cr_pv
914,Ni_pv,Cr_pv,Co,Fe_pv,Co
915,Cr_pv,Ni_pv,Ni_pv,Fe_pv,Co
916,Cr_pv,Ni_pv,Co,Fe_pv,Ni_pv
917,Co,Cr_pv,Ni_pv,Fe_pv,Cr_pv
918,Co,Ni_pv,Co,Fe_pv,Cr_pv
919,Co,Cr_pv,Ni_pv,Fe_pv,Ni_pv
920,Cr_pv,Co,Ni_pv,Fe_pv,Cr_pv
921,Ni_pv,Ni_pv,Co,Fe_pv,Cr_pv
922,Ni_pv,Cr_pv,Cr_pv,Fe_pv,Co
923,Cr_pv,Co,Ni_pv,Fe_pv,Co
924,Cr_pv,Cr_pv,Ni_pv,Fe_pv,Co
925,Cr_pv,Co,Cr_pv,Fe_pv,Ni_pv
926,Ni_pv,Co,Cr_pv,Fe_pv,Co
927,Cr_pv,Ni_pv,Cr_pv,Fe_pv,Co
928,Co,Ni_pv,Cr_pv,Fe_pv,Co
929,Ni_pv,Ni_pv,Cr_pv,Fe_pv,Co
930,Ni_pv,Co,Cr_pv,Fe_pv,Cr_pv
931,Cr_pv,Co,Ni_pv,Fe_pv,Ni_pv
932,Cr_pv,Ni_pv,Co,Fe_pv,Co
933,Ni_pv,Co,Co,Fe_pv,Cr_pv
934,Cr_pv,Ni_pv,Co,Fe_pv,Cr_pv
935,Ni_pv,Co,Ni_pv,Cr_pv,Fe_pv
936,Ni_pv,Co,Co,Cr_pv,Fe_pv
937,Cr_pv,Ni_pv,Co,Cr_pv,Fe_pv
938,Co,Cr_pv,Ni_pv,Ni_pv,Fe_pv
939,Cr_pv,Cr_pv,Ni_pv,Co,Fe_pv
940,Ni_pv,Ni_pv,Cr_pv,Co,Fe_pv
941,Cr_pv,Co,Ni_pv,Ni_pv,Fe_pv
942,Co,Cr_pv,Ni_pv,Co,Fe_pv
943,Ni_pv,Cr_pv,Ni_pv,Co,Fe_pv
944,Co,Ni_pv,Co,Cr_pv,Fe_pv
945,Ni_pv,Cr_pv,Cr_pv,Co,Fe_pv
946,Cr_pv,Co,Ni_pv,Cr_pv,Fe_pv
947,Ni_pv,Ni_pv,Co,Cr_pv,Fe_pv
948,Co,Cr_pv,Co,Ni_pv,Fe_pv
949,Cr_pv,Cr_pv,Co,Ni_pv,Fe_pv
950,Co,Ni_pv,Cr_pv,Ni_pv,Fe_pv
951,Ni_pv,Cr_pv,Co,Ni_pv,Fe_pv
952,Cr_pv,Co,Ni_pv,Co,Fe_pv
953,Cr_pv,Co,Co,Ni_pv,Fe_pv
954,Co,Co,Ni_pv,Cr_pv,Fe_pv
955,Co,Ni_pv,Ni_pv,Cr_pv,Fe_pv
956,Cr_pv,Ni_pv,Ni_pv,Co,Fe_pv
957,Cr_pv,Ni_pv,Cr_pv,Co,Fe_pv
958,Cr_pv,Co,Cr_pv,Ni_pv,Fe_pv
959,Ni_pv,Cr_pv,Co,Cr_pv,Fe_pv
960,Cr_pv,Ni_pv,Co,Ni_pv,Fe_pv
961,Cr_pv,Ni_pv,Co,Co,Fe_pv
962,Co,Co,Cr_pv,Ni_pv,Fe_pv
963,Co,Cr_pv,Ni_pv,Cr_pv,Fe_pv
964,Ni_pv,Co,Cr_pv,Ni_pv,Fe_pv
965,Ni_pv,Co,Cr_pv,Cr_pv,Fe_pv
966,Co,Ni_pv,Cr_pv,Co,Fe_pv
967,Co,Cr_pv,Cr_pv,Ni_pv,Fe_pv
968,Ni_pv,Cr_pv,Co,Co,Fe_pv
969,Co,Ni_pv,Cr_pv,Cr_pv,Fe_pv
970,Ni_pv,Co,Cr_pv,Co,Fe_pv
971,Fe_pv,Ni_pv,Fe_pv,Cr_pv,Co
972,Fe_pv,Co,Fe_pv,Cr_pv,Ni_pv
973,Fe_pv,Co,Fe_pv,Ni_pv,Cr_pv
974,Fe_pv,Cr_pv,Fe_pv,Ni_pv,Co
975,Fe_pv,Cr_pv,Fe_pv,Co,Ni_pv
976,Fe_pv,Ni_pv,Fe_pv,Co,Cr_pv
977,Fe_pv,Co,Cr_pv,Fe_pv,Ni_pv
978,Fe_pv,Ni_pv,Co,Fe_pv,Cr_pv
979,Fe_pv,Cr_pv,Ni_pv,Fe_pv,Co
980,Fe_pv,Co,Ni_pv,Fe_pv,Cr_pv
981,Fe_pv,Cr_pv,Co,Fe_pv,Ni_pv
982,Fe_pv,Ni_pv,Cr_pv,Fe_pv,Co
983,Fe_pv,Co,Cr_pv,Ni_pv,Fe_pv
984,Fe_pv,Co,Ni_pv,Cr_pv,Fe_pv
985,Fe_pv,Cr_pv,Co,Ni_pv,Fe_pv
986,Fe_pv,Ni_pv,Cr_pv,Co,Fe_pv
987,Fe_pv,Cr_pv,Ni_pv,Co,Fe_pv
988,Fe_pv,Ni_pv,Co,Cr_pv,Fe_pv
989,Cr_pv,Fe_pv,Fe_pv,Ni_pv,Co
990,Co,Fe_pv,Fe_pv,Cr_pv,Ni_pv
991,Co,Fe_pv,Fe_pv,Ni_pv,Cr_pv
992,Ni_pv,Fe_pv,Fe_pv,Co,Cr_pv
993,Cr_pv,Fe_pv,Fe_pv,Co,Ni_pv
994,Ni_pv,Fe_pv,Fe_pv,Cr_pv,Co
995,Cr_pv,Fe_pv,Ni_pv,Fe_pv,Co
996,Ni_pv,Fe_pv,Co,Fe_pv,Cr_pv
997,Co,Fe_pv,Cr_pv,Fe_pv,Ni_pv
998,Co,Fe_pv,Ni_pv,Fe_pv,Cr_pv
999,Cr_pv,Fe_pv,Co,Fe_pv,Ni_pv
1000,Ni_pv,Fe_pv,Cr_pv,Fe_pv,Co
1001,Ni_pv,Fe_pv,Co,Cr_pv,Fe_pv
1002,Cr_pv,Fe_pv,Co,Ni_pv,Fe_pv
1003,Ni_pv,Fe_pv,Cr_pv,Co,Fe_pv
1004,Co,Fe_pv,Ni_pv,Cr_pv,Fe_pv
1005,Co,Fe_pv,Cr_pv,Ni_pv,Fe_pv
1006,Cr_pv,Fe_pv,Ni_pv,Co,Fe_pv
1007,Ni_pv,Co,Fe_pv,Fe_pv,Cr_pv
1008,Cr_pv,Ni_pv,Fe_pv,Fe_pv,Co
1009,Cr_pv,Co,Fe_pv,Fe_pv,Ni_pv
1010,Ni_pv,Cr_pv,Fe_pv,Fe_pv,Co
1011,Co,Ni_pv,Fe_pv,Fe_pv,Cr_pv
1012,Co,Cr_pv,Fe_pv,Fe_pv,Ni_pv
1013,Co,Ni_pv,Fe_pv,Cr_pv,Fe_pv
1014,Cr_pv,Ni_pv,Fe_pv,Co,Fe_pv
1015,Cr_pv,Co,Fe_pv,Ni_pv,Fe_pv
1016,Co,Cr_pv,Fe_pv,Ni_pv,Fe_pv
1017,Ni_pv,Cr_pv,Fe_pv,Co,Fe_pv
1018,Ni_pv,Co,Fe_pv,Cr_pv,Fe_pv
1019,Cr_pv,Ni_pv,Co,Fe_pv,Fe_pv
1020,Cr_pv,Co,Ni_pv,Fe_pv,Fe_pv
1021,Ni_pv,Cr_pv,Co,Fe_pv,Fe_pv
1022,Ni_pv,Co,Cr_pv,Fe_pv,Fe_pv
1023,Co,Ni_pv,Cr_pv,Fe_pv,Fe_pv
1024,Co,Cr_pv,Ni_pv,Fe_pv,Fe_pv
