samples,2a,4f,8i1,8i2,8j
1,Cr_pv,Cr_pv,Cr_pv,Cr_pv,Cr_pv
2,Fe_pv,Fe_pv,Fe_pv,Fe_pv,Fe_pv
3,Co,Co,Co,Co,Co
3,Fe_pv,Cr_pv,Cr_pv,Cr_pv,Cr_pv
4,Cr_pv,Fe_pv,Cr_pv,Cr_pv,Cr_pv
5,Fe_pv,Fe_pv,Cr_pv,Cr_pv,Cr_pv
6,Cr_pv,Cr_pv,Fe_pv,Cr_pv,Cr_pv
7,Cr_pv,Cr_pv,Cr_pv,Fe_pv,Cr_pv
8,Cr_pv,Cr_pv,Cr_pv,Cr_pv,Fe_pv
9,Fe_pv,Cr_pv,Fe_pv,Cr_pv,Cr_pv
10,Fe_pv,Cr_pv,Cr_pv,Fe_pv,Cr_pv
11,Fe_pv,Cr_pv,Cr_pv,Cr_pv,Fe_pv
12,Cr_pv,Fe_pv,Fe_pv,Cr_pv,Cr_pv
13,Cr_pv,Fe_pv,Cr_pv,Fe_pv,Cr_pv
14,Cr_pv,Fe_pv,Cr_pv,Cr_pv,Fe_pv
15,Fe_pv,Fe_pv,Fe_pv,Cr_pv,Cr_pv
16,Fe_pv,Fe_pv,Cr_pv,Fe_pv,Cr_pv
17,Fe_pv,Fe_pv,Cr_pv,Cr_pv,Fe_pv
18,Cr_pv,Cr_pv,Fe_pv,Fe_pv,Cr_pv
19,Cr_pv,Cr_pv,Fe_pv,Cr_pv,Fe_pv
20,Cr_pv,Cr_pv,Cr_pv,Fe_pv,Fe_pv
21,Fe_pv,Cr_pv,Fe_pv,Fe_pv,Cr_pv
22,Fe_pv,Cr_pv,Fe_pv,Cr_pv,Fe_pv
23,Fe_pv,Cr_pv,Cr_pv,Fe_pv,Fe_pv
24,Cr_pv,Fe_pv,Fe_pv,Fe_pv,Cr_pv
25,Cr_pv,Fe_pv,Fe_pv,Cr_pv,Fe_pv
26,Cr_pv,Fe_pv,Cr_pv,Fe_pv,Fe_pv
27,Fe_pv,Fe_pv,Fe_pv,Fe_pv,Cr_pv
28,Fe_pv,Fe_pv,Fe_pv,Cr_pv,Fe_pv
29,Fe_pv,Fe_pv,Cr_pv,Fe_pv,Fe_pv
30,Cr_pv,Cr_pv,Fe_pv,Fe_pv,Fe_pv
31,Fe_pv,Cr_pv,Fe_pv,Fe_pv,Fe_pv
32,Cr_pv,Fe_pv,Fe_pv,Fe_pv,Fe_pv
3,Co,Cr_pv,Cr_pv,Cr_pv,Cr_pv
4,Cr_pv,Co,Cr_pv,Cr_pv,Cr_pv
5,Co,Co,Cr_pv,Cr_pv,Cr_pv
6,Cr_pv,Cr_pv,Co,Cr_pv,Cr_pv
7,Cr_pv,Cr_pv,Cr_pv,Co,Cr_pv
8,Cr_pv,Cr_pv,Cr_pv,Cr_pv,Co
9,Co,Cr_pv,Co,Cr_pv,Cr_pv
10,Co,Cr_pv,Cr_pv,Co,Cr_pv
11,Co,Cr_pv,Cr_pv,Cr_pv,Co
12,Cr_pv,Co,Co,Cr_pv,Cr_pv
13,Cr_pv,Co,Cr_pv,Co,Cr_pv
14,Cr_pv,Co,Cr_pv,Cr_pv,Co
15,Co,Co,Co,Cr_pv,Cr_pv
16,Co,Co,Cr_pv,Co,Cr_pv
17,Co,Co,Cr_pv,Cr_pv,Co
18,Cr_pv,Cr_pv,Co,Co,Cr_pv
19,Cr_pv,Cr_pv,Co,Cr_pv,Co
20,Cr_pv,Cr_pv,Cr_pv,Co,Co
21,Co,Cr_pv,Co,Co,Cr_pv
22,Co,Cr_pv,Co,Cr_pv,Co
23,Co,Cr_pv,Cr_pv,Co,Co
24,Cr_pv,Co,Co,Co,Cr_pv
25,Cr_pv,Co,Co,Cr_pv,Co
26,Cr_pv,Co,Cr_pv,Co,Co
27,Co,Co,Co,Co,Cr_pv
28,Co,Co,Co,Cr_pv,Co
29,Co,Co,Cr_pv,Co,Co
30,Cr_pv,Cr_pv,Co,Co,Co
31,Co,Cr_pv,Co,Co,Co
32,Cr_pv,Co,Co,Co,Co
3,Co,Fe_pv,Fe_pv,Fe_pv,Fe_pv
4,Fe_pv,Co,Fe_pv,Fe_pv,Fe_pv
5,Co,Co,Fe_pv,Fe_pv,Fe_pv
6,Fe_pv,Fe_pv,Co,Fe_pv,Fe_pv
7,Fe_pv,Fe_pv,Fe_pv,Co,Fe_pv
8,Fe_pv,Fe_pv,Fe_pv,Fe_pv,Co
9,Co,Fe_pv,Co,Fe_pv,Fe_pv
10,Co,Fe_pv,Fe_pv,Co,Fe_pv
11,Co,Fe_pv,Fe_pv,Fe_pv,Co
12,Fe_pv,Co,Co,Fe_pv,Fe_pv
13,Fe_pv,Co,Fe_pv,Co,Fe_pv
14,Fe_pv,Co,Fe_pv,Fe_pv,Co
15,Co,Co,Co,Fe_pv,Fe_pv
16,Co,Co,Fe_pv,Co,Fe_pv
17,Co,Co,Fe_pv,Fe_pv,Co
18,Fe_pv,Fe_pv,Co,Co,Fe_pv
19,Fe_pv,Fe_pv,Co,Fe_pv,Co
20,Fe_pv,Fe_pv,Fe_pv,Co,Co
21,Co,Fe_pv,Co,Co,Fe_pv
22,Co,Fe_pv,Co,Fe_pv,Co
23,Co,Fe_pv,Fe_pv,Co,Co
24,Fe_pv,Co,Co,Co,Fe_pv
25,Fe_pv,Co,Co,Fe_pv,Co
26,Fe_pv,Co,Fe_pv,Co,Co
27,Co,Co,Co,Co,Fe_pv
28,Co,Co,Co,Fe_pv,Co
29,Co,Co,Fe_pv,Co,Co
30,Fe_pv,Fe_pv,Co,Co,Co
31,Co,Fe_pv,Co,Co,Co
32,Fe_pv,Co,Co,Co,Co
94,Fe_pv,Co,Cr_pv,Cr_pv,Cr_pv
95,Fe_pv,Cr_pv,Cr_pv,Co,Cr_pv
96,Fe_pv,Co,Co,Cr_pv,Cr_pv
97,Fe_pv,Co,Cr_pv,Co,Cr_pv
98,Fe_pv,Cr_pv,Cr_pv,Cr_pv,Co
99,Fe_pv,Co,Cr_pv,Cr_pv,Co
100,Fe_pv,Cr_pv,Co,Cr_pv,Co
101,Fe_pv,Co,Co,Cr_pv,Co
102,Fe_pv,Cr_pv,Co,Co,Cr_pv
103,Fe_pv,Cr_pv,Cr_pv,Co,Co
104,Fe_pv,Co,Co,Co,Cr_pv
105,Fe_pv,Co,Cr_pv,Co,Co
106,Fe_pv,Cr_pv,Co,Co,Co
107,Fe_pv,Cr_pv,Co,Cr_pv,Cr_pv
108,Cr_pv,Fe_pv,Co,Cr_pv,Co
109,Co,Fe_pv,Co,Cr_pv,Co
110,Co,Fe_pv,Co,Cr_pv,Cr_pv
111,Cr_pv,Fe_pv,Co,Cr_pv,Cr_pv
112,Cr_pv,Fe_pv,Co,Co,Cr_pv
113,Co,Fe_pv,Co,Co,Cr_pv
114,Co,Fe_pv,Cr_pv,Cr_pv,Cr_pv
115,Cr_pv,Fe_pv,Cr_pv,Cr_pv,Co
116,Cr_pv,Fe_pv,Cr_pv,Co,Co
117,Co,Fe_pv,Cr_pv,Co,Co
118,Co,Fe_pv,Cr_pv,Cr_pv,Co
119,Cr_pv,Fe_pv,Cr_pv,Co,Cr_pv
120,Cr_pv,Fe_pv,Co,Co,Co
121,Co,Fe_pv,Cr_pv,Co,Cr_pv
122,Fe_pv,Fe_pv,Cr_pv,Co,Co
123,Fe_pv,Fe_pv,Co,Co,Cr_pv
124,Fe_pv,Fe_pv,Co,Cr_pv,Cr_pv
125,Fe_pv,Fe_pv,Cr_pv,Cr_pv,Co
126,Fe_pv,Fe_pv,Cr_pv,Co,Cr_pv
127,Fe_pv,Fe_pv,Co,Cr_pv,Co
128,Co,Cr_pv,Fe_pv,Cr_pv,Co
129,Cr_pv,Co,Fe_pv,Cr_pv,Co
130,Co,Co,Fe_pv,Cr_pv,Co
131,Cr_pv,Co,Fe_pv,Co,Cr_pv
132,Co,Co,Fe_pv,Co,Cr_pv
133,Cr_pv,Co,Fe_pv,Cr_pv,Cr_pv
134,Cr_pv,Cr_pv,Fe_pv,Co,Cr_pv
135,Co,Co,Fe_pv,Cr_pv,Cr_pv
136,Co,Cr_pv,Fe_pv,Cr_pv,Cr_pv
137,Cr_pv,Cr_pv,Fe_pv,Co,Co
138,Co,Cr_pv,Fe_pv,Co,Co
139,Cr_pv,Co,Fe_pv,Co,Co
140,Co,Cr_pv,Fe_pv,Co,Cr_pv
141,Cr_pv,Cr_pv,Fe_pv,Cr_pv,Co
142,Cr_pv,Co,Co,Fe_pv,Co
143,Cr_pv,Co,Co,Fe_pv,Cr_pv
144,Co,Cr_pv,Cr_pv,Fe_pv,Cr_pv
145,Co,Co,Co,Fe_pv,Cr_pv
146,Cr_pv,Co,Cr_pv,Fe_pv,Co
147,Co,Co,Cr_pv,Fe_pv,Co
148,Cr_pv,Cr_pv,Cr_pv,Fe_pv,Co
149,Co,Cr_pv,Cr_pv,Fe_pv,Co
150,Cr_pv,Cr_pv,Co,Fe_pv,Cr_pv
151,Cr_pv,Cr_pv,Co,Fe_pv,Co
152,Cr_pv,Co,Cr_pv,Fe_pv,Cr_pv
153,Co,Cr_pv,Co,Fe_pv,Co
154,Co,Co,Cr_pv,Fe_pv,Cr_pv
155,Co,Cr_pv,Co,Fe_pv,Cr_pv
156,Cr_pv,Cr_pv,Co,Cr_pv,Fe_pv
157,Co,Co,Cr_pv,Co,Fe_pv
158,Cr_pv,Co,Co,Co,Fe_pv
159,Co,Cr_pv,Co,Cr_pv,Fe_pv
160,Cr_pv,Cr_pv,Co,Co,Fe_pv
161,Co,Cr_pv,Cr_pv,Cr_pv,Fe_pv
162,Co,Cr_pv,Co,Co,Fe_pv
163,Cr_pv,Cr_pv,Cr_pv,Co,Fe_pv
164,Cr_pv,Co,Co,Cr_pv,Fe_pv
165,Cr_pv,Co,Cr_pv,Cr_pv,Fe_pv
166,Co,Co,Co,Cr_pv,Fe_pv
167,Co,Co,Cr_pv,Cr_pv,Fe_pv
168,Co,Cr_pv,Cr_pv,Co,Fe_pv
169,Cr_pv,Co,Cr_pv,Co,Fe_pv
170,Fe_pv,Cr_pv,Fe_pv,Co,Cr_pv
171,Fe_pv,Cr_pv,Fe_pv,Co,Co
172,Fe_pv,Co,Fe_pv,Cr_pv,Cr_pv
173,Fe_pv,Cr_pv,Fe_pv,Cr_pv,Co
174,Fe_pv,Co,Fe_pv,Cr_pv,Co
175,Fe_pv,Co,Fe_pv,Co,Cr_pv
176,Fe_pv,Cr_pv,Co,Fe_pv,Cr_pv
177,Fe_pv,Cr_pv,Cr_pv,Fe_pv,Co
178,Fe_pv,Co,Cr_pv,Fe_pv,Cr_pv
179,Fe_pv,Cr_pv,Co,Fe_pv,Co
180,Fe_pv,Co,Cr_pv,Fe_pv,Co
181,Fe_pv,Co,Co,Fe_pv,Cr_pv
182,Fe_pv,Co,Cr_pv,Co,Fe_pv
183,Fe_pv,Cr_pv,Co,Co,Fe_pv
184,Fe_pv,Co,Cr_pv,Cr_pv,Fe_pv
185,Fe_pv,Cr_pv,Cr_pv,Co,Fe_pv
186,Fe_pv,Cr_pv,Co,Cr_pv,Fe_pv
187,Fe_pv,Co,Co,Cr_pv,Fe_pv
188,Co,Fe_pv,Fe_pv,Cr_pv,Co
189,Cr_pv,Fe_pv,Fe_pv,Co,Co
190,Cr_pv,Fe_pv,Fe_pv,Co,Cr_pv
191,Co,Fe_pv,Fe_pv,Cr_pv,Cr_pv
192,Co,Fe_pv,Fe_pv,Co,Cr_pv
193,Cr_pv,Fe_pv,Fe_pv,Cr_pv,Co
194,Co,Fe_pv,Cr_pv,Fe_pv,Co
195,Co,Fe_pv,Co,Fe_pv,Cr_pv
196,Cr_pv,Fe_pv,Co,Fe_pv,Cr_pv
197,Cr_pv,Fe_pv,Co,Fe_pv,Co
198,Co,Fe_pv,Cr_pv,Fe_pv,Cr_pv
199,Cr_pv,Fe_pv,Cr_pv,Fe_pv,Co
200,Co,Fe_pv,Cr_pv,Co,Fe_pv
201,Co,Fe_pv,Co,Cr_pv,Fe_pv
202,Cr_pv,Fe_pv,Co,Co,Fe_pv
203,Co,Fe_pv,Cr_pv,Cr_pv,Fe_pv
204,Cr_pv,Fe_pv,Cr_pv,Co,Fe_pv
205,Cr_pv,Fe_pv,Co,Cr_pv,Fe_pv
206,Fe_pv,Fe_pv,Fe_pv,Cr_pv,Co
207,Fe_pv,Fe_pv,Fe_pv,Co,Cr_pv
208,Fe_pv,Fe_pv,Co,Fe_pv,Cr_pv
209,Fe_pv,Fe_pv,Cr_pv,Fe_pv,Co
210,Fe_pv,Fe_pv,Co,Cr_pv,Fe_pv
211,Fe_pv,Fe_pv,Cr_pv,Co,Fe_pv
212,Co,Co,Fe_pv,Fe_pv,Cr_pv
213,Co,Cr_pv,Fe_pv,Fe_pv,Cr_pv
214,Cr_pv,Co,Fe_pv,Fe_pv,Cr_pv
215,Cr_pv,Cr_pv,Fe_pv,Fe_pv,Co
216,Co,Cr_pv,Fe_pv,Fe_pv,Co
217,Cr_pv,Co,Fe_pv,Fe_pv,Co
218,Co,Co,Fe_pv,Cr_pv,Fe_pv
219,Cr_pv,Co,Fe_pv,Co,Fe_pv
220,Co,Cr_pv,Fe_pv,Co,Fe_pv
221,Cr_pv,Co,Fe_pv,Cr_pv,Fe_pv
222,Cr_pv,Cr_pv,Fe_pv,Co,Fe_pv
223,Co,Cr_pv,Fe_pv,Cr_pv,Fe_pv
224,Cr_pv,Co,Cr_pv,Fe_pv,Fe_pv
225,Co,Cr_pv,Cr_pv,Fe_pv,Fe_pv
226,Co,Co,Cr_pv,Fe_pv,Fe_pv
227,Cr_pv,Co,Co,Fe_pv,Fe_pv
228,Cr_pv,Cr_pv,Co,Fe_pv,Fe_pv
229,Co,Cr_pv,Co,Fe_pv,Fe_pv
230,Fe_pv,Co,Fe_pv,Fe_pv,Cr_pv
231,Fe_pv,Cr_pv,Fe_pv,Fe_pv,Co
232,Fe_pv,Cr_pv,Fe_pv,Co,Fe_pv
233,Fe_pv,Co,Fe_pv,Cr_pv,Fe_pv
234,Fe_pv,Co,Cr_pv,Fe_pv,Fe_pv
235,Fe_pv,Cr_pv,Co,Fe_pv,Fe_pv
236,Cr_pv,Fe_pv,Fe_pv,Fe_pv,Co
237,Co,Fe_pv,Fe_pv,Fe_pv,Cr_pv
238,Cr_pv,Fe_pv,Fe_pv,Co,Fe_pv
239,Co,Fe_pv,Fe_pv,Cr_pv,Fe_pv
240,Co,Fe_pv,Cr_pv,Fe_pv,Fe_pv
241,Cr_pv,Fe_pv,Co,Fe_pv,Fe_pv
242,Cr_pv,Co,Fe_pv,Fe_pv,Fe_pv
243,Co,Cr_pv,Fe_pv,Fe_pv,Fe_pv
